<?xml version="1.0" encoding="UTF-8"?>
<project-private xmlns="http://www.netbeans.org/ns/project-private/1">
    <editor-bookmarks xmlns="http://www.netbeans.org/ns/editor-bookmarks/2" lastBookmarkId="0"/>
    <open-files xmlns="http://www.netbeans.org/ns/projectui-open-files/2">
        <group>
            <file>file:/C:/Users/Nimna/Documents/NetBeansProjects/ToDoListManagmentSystem/src/view/Home.java</file>
            <file>file:/C:/Users/Nimna/Documents/NetBeansProjects/ToDoListManagmentSystem/src/model/DBSearch.java</file>
            <file>file:/C:/Users/Nimna/Documents/NetBeansProjects/ToDoListManagmentSystem/src/view/RemoveTaskForm.java</file>
            <file>file:/C:/Users/Nimna/Documents/NetBeansProjects/ToDoListManagmentSystem/src/controller/TaskController.java</file>
            <file>file:/C:/Users/Nimna/Documents/NetBeansProjects/ToDoListManagmentSystem/src/model/AddTask.java</file>
            <file>file:/C:/Users/Nimna/Documents/NetBeansProjects/ToDoListManagmentSystem/src/model/DBConnection.java</file>
            <file>file:/C:/Users/Nimna/Documents/NetBeansProjects/ToDoListManagmentSystem/src/view/NewTaskForm.java</file>
            <file>file:/C:/Users/Nimna/Documents/NetBeansProjects/ToDoListManagmentSystem/src/view/Login.java</file>
            <file>file:/C:/Users/Nimna/Documents/NetBeansProjects/ToDoListManagmentSystem/src/controller/LoginController.java</file>
        </group>
    </open-files>
</project-private>
